"filename", "language", "C#", "comment", "blank", "total"
"c:\Users\malon\Downloads\ECE500\homework1\homework1_unity\Assets\scripts\ball_driver.cs", "C#", 45, 1, 6, 52
"c:\Users\malon\Downloads\ECE500\homework1\homework1_unity\Assets\scripts\bar_ui.cs", "C#", 36, 3, 3, 42
"c:\Users\malon\Downloads\ECE500\homework1\homework1_unity\Assets\scripts\beam_driver.cs", "C#", 55, 3, 11, 69
"c:\Users\malon\Downloads\ECE500\homework1\homework1_unity\Assets\scripts\evaluator.cs", "C#", 35, 2, 5, 42
"c:\Users\malon\Downloads\ECE500\homework1\homework1_unity\Assets\scripts\indicator_driver.cs", "C#", 14, 3, 2, 19
"c:\Users\malon\Downloads\ECE500\homework1\homework1_unity\Assets\scripts\keyboard_manager.cs", "C#", 93, 2, 15, 110
"c:\Users\malon\Downloads\ECE500\homework1\homework1_unity\Assets\scripts\network.cs", "C#", 60, 3, 8, 71
"c:\Users\malon\Downloads\ECE500\homework1\homework1_unity\Assets\scripts\pid_controller.cs", "C#", 32, 7, 13, 52
"c:\Users\malon\Downloads\ECE500\homework1\homework1_unity\Assets\scripts\sys.cs", "C#", 49, 2, 8, 59
"c:\Users\malon\Downloads\ECE500\homework1\homework1_unity\Assets\scripts\target_manager.cs", "C#", 22, 2, 4, 28
"Total", "-", 441, 28, 75, 544